Name,Manufacturer,Paddle Model,Thickness,Model #
Abbigail Hatton,Luzz,PRO-CANNON,16MM,PRO-CANNON
Adam Harvey,Luzz,PRO-CANNON,16MM,PRO-CANNON
AJ Koller,Franklin,C45 Dynasty 16MM,16MM,59232C1
Albie Huang,Joola,Perseus Pro IV 16mm,16MM,P16G4D
Alex Walker,CRBN,TRUFOAM BARRAGE 4,14MM,TFB4
Allison Phillips,PaddleTek,GTO-C 14.3mm,14.3MM,PGTO143A
Allyce Jones,CRBN,TRUFOAM BARRAGE 2,14MM,TFB2
Anderson Scarpa,CRBN,TRUFOAM BARRAGE 4,14MM,TFB4
Andre Mercado,CRBN,TRUFOAM BARRAGE 3,14MM,TFB3
Andrei Daescu,CRBN,TRUFOAM BARRAGE 2,14MM,TFB2
Angie Walker,CRBN,TRUFOAM BARRAGE 4,14MM,TFB4
Anna Bright,Joola,Scorpeus Pro V 14mm,14MM,S14G5D
Anna Leigh Waters,Franklin,C45 Hybrid,14MM,59220
Anour Braham,Selkirk,Project Boomstik Elongated,16MM,872278257
Ashley Griffith,CRBN,TRUFOAM BARRAGE 2,14MM,TFB2
Audrey Brown,PaddleTek,GTO-C 14.3mm,14.3MM,PGTO143A
Augie Ge,11SIX24,Vapor Power 2,16MM,W212.63-V
Ava Ignatowich,PaddleTek,PT25-2/V-1.0 16mm,16MM,PT25-2F16
Ben Johns,Joola,Perseus Pro V 16mm,16MM,P16G5D
Bhatia,Joola,Perseus Pro V 16mm,16MM,P16G5D
Blaine Hovenier,SixZero,Coral,16MM,409016
Boydston,Joola,Perseus Pro V 16mm,16MM,P16G5D
Brandon French,Joola,Agassi Pro V 14mm,14MM,A14G5D
Brooke buckner,Joola,Agassi Pro V 14mm,14MM,A14G5D
Caitlyn Campbell,Selkirk,Project Boomstik Elongated,16MM,872278257
Callie Smith,SixZero,Coral,16MM,409016
Camden Chaffin,PIKKL,Hurricane Pro,14MM,HP14
Caruso,Joola,Perseus Pro V 16mm,16MM,P16G5D
Cason Campbell,Luzz,PRO-CANNON,16MM,PRO-CANNON
Catherine Parenteau,Joola,Scorpeus Pro V 14mm,14MM,S14G5D
Chris Haworth,Luzz,"TORNAZO, PRO-BLADE 2",16MM,"TORNAZO, PRO-BLADE 2"
Christian Alshon,PaddleTek,PT25-2/V-1.0 16mm,16MM,PT25-2F16
CJ  Klinger,Adidas,ADIPOWER RX PRO 16,16MM,ADPK06
Cleo Bond,Adidas,ADIPOWER RX PRO 16,16MM,ADPK06
Collin Johns,Joola,Scorpeus Pro V 16mm,16MM,S16G5D
Connor Garnett,PaddleTek,PT25-1/V-1.0 14mm,14MM,PT25-1F14
Connor Mogle,CRBN,TRUFOAM BARRAGE 4,14MM,TFB4
Dekel Bar,11SIX24,Vapor Power 2,16MM,W212.63-V
Diskon,Joola,Perseus Pro V 16mm,16MM,P16G5D
DJ Young,Joola,Perseus Pro V 16mm,16MM,P16G5D
Dylan Frazier,Volair,SHIFT HYB,14MM,V0005
Ella Cosmos,Friday,Fever 102 E,16MM,FL102E
Elsie Hendershot,PaddleTek,ESQ-C 12.7mm,12.7MM,PESQ127A
Eric Oncins,Engage,X2,16MM,E411
Eric Oncins,Engage,Alpha Pro 14mm,14MM,E311
Federico Stakstrud,Joola,Kosmos Pro V 16mm,16MM,K16G5D
G. Morelli,Joola,Scorpeus IV 14mm,14MM,S14G4D
Gabe Joseph,SixZero,Coral,16MM,409016
Gabriel Tardio,Facolos,EliteX Extreme Edition ELG,16MM,FEE162508
Genie Erokhina,Joola,Scorpeus Pro V 16mm,16MM,S16G5D
George R,CRBN,TRUFOAM WAVES 3,14MM,TFW3
Greg Dow,Warping Point,Phoenix 16,16MM,PHX1601
Hayden Patriquin,Franklin,C45 Dynasty 16MM,16MM,59252
Isabella Dunlop,PaddleTek,TKO-C 14.3mm,14.3MM,ptk0143a
Ivan J.,Nox,X-FOAM JC6,16MM,XFNPC0616
Jack Sock,Selkirk,Project Boomstik Elongated,16MM,872278257
Jalina Ingram,Vulcan,OO3,16MM,003
James Delgado,Adidas,ADIPOWER RX PRO 16,16MM,ADPK06
Jamie Weh,CRBN,TRUFOAM BARRAGE 1,14MM,TFB1
Jaume Martinez Vich,Adidas,ADIPOWER RX PRO 16,16MM,ADPK06
Jay Devillers,SixZero,Coral,16MM,409016
Jessie Irvine,Engage,Alpha Pro 14mm,14MM,E311
John Lucian Goins,Joola,Perseus Pro V 16mm,16MM,P16G5D
Jonathan Truong,Joola,Scorpeus Pro V 14mm,14MM,S14G5D
Jorja Johnson,PIKKL,Hurricane Pro X,15.5MM,HPX15
Judit Castillo,Nox,X-FOAM JC6,16MM,XFNPC0616
Julian Arnold,Luzz,INFERNO,16MM,INFERNO
JW Johnson,PIKKL,Hurricane Pro X,15.5MM,HPX15
Kaitlyn Christian,Luzz,PRO BLADE 2,14MM,PRO-BLADE 2
Kate Fahey,Joola,Agassi Pro V 14mm,14MM,A14G5D
Kelly Goodnow,Joola,Kosmos Pro V 14mm,14MM,K14G5D
Keilly Ulrey,Joola,Perseus Pro IV 14mm,14MM,P14G4D
Kiora Kunimoto,Selkirk,Project Boomstik Elongated,16MM,872278257
Lacy Schneeman,Joola,Perseus IV 16mm,16MM,P16G4D
Lauren Stratman,11SIX24,Vapor Power 2,16MM,W212.63-V
Lea Jansen,Joola,Kosmos Pro V 14mm,14MM,K14G5D
Lina Padegimaite,PIKKL,Vantage Pro X,14MM,VPX14
Lindsey Newman,,,,
L.W. Kong,Friday,Fever 102 E,16MM,FL102E
Liz Truluck,Joola,Perseus 3S Dual 14mm,14MM,P14G3D
Lucas Pascoe,Joola,Kosmos Pro V 14mm,14MM,K14G5D
M. Alhouni,Joola,Perseus Pro V 16mm,16MM,P16G5D
Max Freeman,PaddleTek,Honeyfoam ESQ 16mm,16mm,PTHFESQ16
Mackinnon,11SIX24,Hurache-X Power 2 Pro,16MM,W212.63-H
Mari Humber,Adidas,ADIPOWER RX PRO 16,16MM,ADPK06
Marshall Brown,Selkirk,Project Boomstik Elongated (No MOI Clamps Allowed),16MM,872278257
Martin Emmrich,Holbrook,Fuze Elongated,16mm,H.22.02
Mary Brascia,Joola,Agassi Pro 14mm,14MM,A14G4D
Mary Humberg,Adidas,ADIPOWER RX PRO 16,16MM,ADPK06
Matthew Barlow,11SIX24,Hurache-X Power 2 Pro,16MM,W212.63-H
Meghan Dizon,Franklin,C45 Tempo 14mm,14mm,59236
Michael Loyd,Holbrook,Fuze Elongated,14MM,H.22.02
Milan Rane,Joola,Kosmos Pro V 14mm,14MM,K14G5D
Nicole Conard,Luzz,TORNAZO,16MM,TORNAZO
Noe Khlif,Joola,Perseus Pro V 16mm,16MM,P16G5D
Pablo Tellez ,Joola,Hyperion Pro V 16mm,16MM,H16G5D
Pesa Teoni,11SIX24,Vapor Power 2,16MM,W212.63-V
Parris Todd,Franklin,C45 Parris Todd Signature,13.25MM,59246C1
Rachel Rettger,Joola,Scorpeus Pro V 16mm,16MM,S16G5D
Rachel Rohrabacher,Friday,Friday Fever 102E,16MM,FL102E10
Rafa Hewett,Joola,Kosmos Pro V 16mm,16MM,K16G5D
Rafa Lenhard,Selkirk,SLK Era Power Widebody,16MM,77278257
Riley Newman,PaddleTek,PT25-2/V-1.0 16mm,16MM,PT25-2F16
Roscoe Bellamy,Luzz,PRO-CANNON,14MM,PRO-CANNON
Spartak Rahachou,Selkirk,Project Boomstik Elongated ,16MM,872278257
Tama Shimambukuro,Selkirk,Project Boomstik Elongated ,16MM,872278257
Tina Pisnik,Warping Point,Phoenix Series,13.3MM,PHX13301
Tom Protzek,11Six24,Vapor Power 2,16MM,W212.63-V
Tyler Loong,Vulcan,OO3,,003
Tyra Black,PIKKL,Hurricane Pro,14MM,HP14
Tyson McGuffin,Joola,Kosmos V,14MM,K14G5D
Will Howells,Franklin,C45 Dynasty 14MM,14MM,59231
Wyatt Stone,Warping Point,NEON,16MM,NEON1601
Zane Ford,Arronax,KVL 004,16MM,004
Zoe Weil,PIKKL,Vantage Pro,16MM,VP16
Zoey Khan,Joola,Scorpeus Pro V 14MM,14MM,S14G5D
Zoey Wang,Joola,Perseus Pro V 16mm,16MM,P16G5D
